"YEAR","NSW","QLD","VIC"
2018,1.8748528586557083,5.315528157692974,0
2019,2.046624768194157,5.7190372075924385,0
2020,3.403458046886651,5.911487301671611,0
2021,7.0941687794277435,7.6315149056986415,0
2022,6.411937300258712,10.76893020935807,10.211601818936133
2023,4.018434491514327,6.348743083543958,9.300711687490116
2024,3.846633416458853,6.0846450025847165,6.18417655090421
